id,zip,latitude,longitude
zipgeo_32003,32003,30.095584,-81.710162
zipgeo_32008,32008,29.907920,-82.897465
zipgeo_32009,32009,30.422502,-81.973824
zipgeo_32011,32011,30.569778,-81.840500
zipgeo_32013,32013,30.193666,-83.291204
zipgeo_32024,32024,30.091975,-82.731120
zipgeo_32025,32025,30.104026,-82.566168
zipgeo_32026,32026,30.059065,-82.190472
zipgeo_32033,32033,29.787856,-81.446744
zipgeo_32034,32034,30.601794,-81.481799
zipgeo_32038,32038,29.934936,-82.692234
zipgeo_32040,32040,30.247032,-82.235330
zipgeo_32043,32043,29.926711,-81.743631
zipgeo_32044,32044,29.857895,-82.178708
zipgeo_32046,32046,30.701152,-81.916587
zipgeo_32052,32052,30.490540,-82.944838
zipgeo_32053,32053,30.568840,-83.151870
zipgeo_32054,32054,30.033807,-82.394253
zipgeo_32055,32055,30.270103,-82.624130
zipgeo_32058,32058,30.107546,-82.106933
zipgeo_32059,32059,30.384943,-83.255970
zipgeo_32060,32060,30.274413,-83.036329
zipgeo_32061,32061,30.083085,-82.516655
zipgeo_32062,32062,30.137457,-82.978338
zipgeo_32063,32063,30.270901,-82.120398
zipgeo_32064,32064,30.293277,-82.991953
zipgeo_32065,32065,30.175071,-81.871668
zipgeo_32066,32066,30.039764,-83.205806
zipgeo_32068,32068,30.082951,-81.884022
zipgeo_32071,32071,30.058101,-82.955828
zipgeo_32072,32072,30.184037,-82.423425
zipgeo_32073,32073,30.167711,-81.739816
zipgeo_32079,32079,29.977993,-81.807021
zipgeo_32080,32080,29.816985,-81.265123
zipgeo_32081,32081,30.119606,-81.426613
zipgeo_32082,32082,30.111553,-81.371747
zipgeo_32083,32083,30.114597,-82.232781
zipgeo_32084,32084,29.913733,-81.365292
zipgeo_32086,32086,29.740948,-81.300160
zipgeo_32087,32087,30.364971,-82.298674
zipgeo_32091,32091,29.933025,-82.113403
zipgeo_32092,32092,29.929252,-81.521904
zipgeo_32094,32094,30.186943,-82.821820
zipgeo_32095,32095,30.027547,-81.436962
zipgeo_32096,32096,30.534380,-82.626965
zipgeo_32097,32097,30.662149,-81.648914
zipgeo_32102,32102,29.138420,-81.523078
zipgeo_32110,32110,29.444708,-81.352315
zipgeo_32112,32112,29.431746,-81.565573
zipgeo_32113,32113,29.409977,-82.089218
zipgeo_32114,32114,29.192391,-81.046760
zipgeo_32117,32117,29.232739,-81.068471
zipgeo_32118,32118,29.209639,-81.002321
zipgeo_32119,32119,29.160962,-81.025593
zipgeo_32124,32124,29.159517,-81.158803
zipgeo_32127,32127,29.108464,-80.975738
zipgeo_32128,32128,29.100739,-81.071829
zipgeo_32129,32129,29.136974,-81.023957
zipgeo_32130,32130,29.148342,-81.341043
zipgeo_32131,32131,29.677863,-81.563722
zipgeo_32132,32132,28.980108,-80.920894
zipgeo_32133,32133,29.012140,-81.914706
zipgeo_32134,32134,29.377165,-81.827585
zipgeo_32136,32136,29.463763,-81.147395
zipgeo_32137,32137,29.575688,-81.223832
zipgeo_32139,32139,29.377178,-81.613019
zipgeo_32140,32140,29.762604,-81.866657
zipgeo_32141,32141,28.928812,-80.919083
zipgeo_32145,32145,29.677558,-81.421332
zipgeo_32147,32147,29.634671,-81.787036
zipgeo_32148,32148,29.601157,-81.882919
zipgeo_32157,32157,29.461528,-81.587765
zipgeo_32159,32159,28.918072,-81.897655
zipgeo_32162,32162,28.922305,-81.999287
zipgeo_32163,32163,28.836798,-81.959093
zipgeo_32164,32164,29.480607,-81.217791
zipgeo_32168,32168,28.994646,-81.024439
zipgeo_32169,32169,28.975536,-80.867376
zipgeo_32174,32174,29.292191,-81.161446
zipgeo_32176,32176,29.335380,-81.064459
zipgeo_32177,32177,29.697699,-81.703239
zipgeo_32179,32179,29.095193,-81.899934
zipgeo_32180,32180,29.240997,-81.442807
zipgeo_32181,32181,29.507981,-81.601987
zipgeo_32182,32182,29.509246,-81.941044
zipgeo_32187,32187,29.578946,-81.550038
zipgeo_32189,32189,29.549840,-81.647696
zipgeo_32190,32190,29.337688,-81.492643
zipgeo_32192,32192,29.350183,-82.111066
zipgeo_32193,32193,29.477372,-81.663606
zipgeo_32195,32195,28.988080,-81.886336
zipgeo_32202,32202,30.324620,-81.647232
zipgeo_32203,32203,30.337020,-81.671293
zipgeo_32204,32204,30.317018,-81.680832
zipgeo_32205,32205,30.302454,-81.723043
zipgeo_32206,32206,30.351115,-81.638010
zipgeo_32207,32207,30.289637,-81.640966
zipgeo_32208,32208,30.393090,-81.682946
zipgeo_32209,32209,30.361015,-81.696254
zipgeo_32210,32210,30.265455,-81.748096
zipgeo_32211,32211,30.331520,-81.582697
zipgeo_32212,32212,30.223367,-81.672965
zipgeo_32214,32214,30.207684,-81.683226
zipgeo_32216,32216,30.281083,-81.581668
zipgeo_32217,32217,30.229180,-81.621158
zipgeo_32218,32218,30.487842,-81.667693
zipgeo_32219,32219,30.426654,-81.815005
zipgeo_32220,32220,30.335003,-81.855324
zipgeo_32221,32221,30.258573,-81.878191
zipgeo_32222,32222,30.208918,-81.831013
zipgeo_32223,32223,30.156574,-81.649405
zipgeo_32224,32224,30.269971,-81.460939
zipgeo_32225,32225,30.357756,-81.505829
zipgeo_32226,32226,30.481248,-81.506157
zipgeo_32227,32227,30.389189,-81.404408
zipgeo_32228,32228,30.391860,-81.400074
zipgeo_32233,32233,30.357338,-81.416992
zipgeo_32234,32234,30.226305,-82.004356
zipgeo_32244,32244,30.217099,-81.752604
zipgeo_32246,32246,30.291014,-81.512086
zipgeo_32250,32250,30.280490,-81.412038
zipgeo_32254,32254,30.340961,-81.734788
zipgeo_32256,32256,30.175327,-81.471951
zipgeo_32257,32257,30.189355,-81.612466
zipgeo_32258,32258,30.140712,-81.551712
zipgeo_32259,32259,30.074317,-81.585207
zipgeo_32266,32266,30.317386,-81.409066
zipgeo_32277,32277,30.377450,-81.593947
zipgeo_32301,32301,30.427618,-84.257753
zipgeo_32303,32303,30.512386,-84.344877
zipgeo_32304,32304,30.451991,-84.352792
zipgeo_32305,32305,30.349872,-84.300765
zipgeo_32306,32306,30.442319,-84.294482
zipgeo_32307,32307,30.421720,-84.286851
zipgeo_32308,32308,30.480911,-84.219746
zipgeo_32309,32309,30.581250,-84.104073
zipgeo_32310,32310,30.433038,-84.391845
zipgeo_32311,32311,30.390050,-84.181035
zipgeo_32312,32312,30.604278,-84.243286
zipgeo_32313,32313,30.443147,-84.300736
zipgeo_32317,32317,30.470481,-84.116694
zipgeo_32320,32320,29.731534,-85.054224
zipgeo_32321,32321,30.262750,-84.997750
zipgeo_32322,32322,29.864047,-84.631996
zipgeo_32323,32323,29.891511,-84.613733
zipgeo_32324,32324,30.654759,-84.783247
zipgeo_32327,32327,30.181534,-84.302685
zipgeo_32328,32328,29.800430,-84.896825
zipgeo_32330,32330,30.578634,-84.747993
zipgeo_32331,32331,30.454744,-83.577769
zipgeo_32332,32332,30.610125,-84.665110
zipgeo_32333,32333,30.607743,-84.417592
zipgeo_32334,32334,30.259321,-84.758416
zipgeo_32336,32336,30.263057,-83.865499
zipgeo_32337,32337,30.483148,-84.021121
zipgeo_32340,32340,30.448953,-83.434802
zipgeo_32343,32343,30.478331,-84.504689
zipgeo_32344,32344,30.444549,-83.925998
zipgeo_32346,32346,29.982274,-84.380578
zipgeo_32347,32347,30.150653,-83.640744
zipgeo_32348,32348,29.942417,-83.556926
zipgeo_32350,32350,30.574972,-83.325794
zipgeo_32351,32351,30.520125,-84.675081
zipgeo_32352,32352,30.662261,-84.591627
zipgeo_32355,32355,30.169070,-84.209318
zipgeo_32356,32356,29.859235,-83.415003
zipgeo_32358,32358,30.091044,-84.540694
zipgeo_32359,32359,29.650039,-83.376036
zipgeo_32360,32360,30.364998,-84.812403
zipgeo_32361,32361,30.357645,-83.988660
zipgeo_32399,32399,30.383268,-84.231203
zipgeo_32401,32401,30.158374,-85.637996
zipgeo_32403,32403,30.048562,-85.553231
zipgeo_32404,32404,30.185025,-85.507385
zipgeo_32405,32405,30.199378,-85.668605
zipgeo_32407,32407,30.198324,-85.790694
zipgeo_32408,32408,30.156773,-85.754657
zipgeo_32409,32409,30.341270,-85.712606
zipgeo_32410,32410,29.951994,-85.428336
zipgeo_32413,32413,30.305727,-85.886321
zipgeo_32420,32420,30.635631,-85.381706
zipgeo_32421,32421,30.521467,-85.205731
zipgeo_32423,32423,30.943777,-85.048909
zipgeo_32424,32424,30.390602,-85.081807
zipgeo_32425,32425,30.853184,-85.720492
zipgeo_32426,32426,30.953978,-85.367431
zipgeo_32427,32427,30.710487,-85.792309
zipgeo_32428,32428,30.615750,-85.572945
zipgeo_32430,32430,30.418696,-85.225596
zipgeo_32431,32431,30.787482,-85.410816
zipgeo_32432,32432,30.714114,-85.077237
zipgeo_32433,32433,30.851178,-86.200838
zipgeo_32435,32435,30.648635,-86.130197
zipgeo_32437,32437,30.436248,-85.909221
zipgeo_32438,32438,30.511651,-85.414931
zipgeo_32439,32439,30.483268,-86.130423
zipgeo_32440,32440,30.922426,-85.526190
zipgeo_32442,32442,30.686518,-85.008627
zipgeo_32443,32443,30.872521,-85.109420
zipgeo_32444,32444,30.238451,-85.651586
zipgeo_32445,32445,30.970520,-85.197338
zipgeo_32446,32446,30.848170,-85.231368
zipgeo_32448,32448,30.671012,-85.223312
zipgeo_32449,32449,30.268296,-85.218138
zipgeo_32455,32455,30.638626,-85.962701
zipgeo_32456,32456,29.814542,-85.306423
zipgeo_32459,32459,30.360577,-86.185591
zipgeo_32460,32460,30.764089,-84.954234
zipgeo_32461,32461,30.308898,-86.054011
zipgeo_32462,32462,30.561812,-85.823730
zipgeo_32463,32463,30.628041,-85.587340
zipgeo_32464,32464,30.881353,-85.955991
zipgeo_32465,32465,30.007868,-85.181889
zipgeo_32466,32466,30.388401,-85.465062
zipgeo_32501,32501,30.428781,-87.222515
zipgeo_32502,32502,30.408929,-87.226813
zipgeo_32503,32503,30.459667,-87.213643
zipgeo_32504,32504,30.473121,-87.186316
zipgeo_32505,32505,30.454624,-87.260650
zipgeo_32506,32506,30.391889,-87.371994
zipgeo_32507,32507,30.338047,-87.378893
zipgeo_32508,32508,30.350614,-87.316902
zipgeo_32509,32509,30.469744,-87.340363
zipgeo_32511,32511,30.406350,-87.291321
zipgeo_32512,32512,30.398995,-87.299246
zipgeo_32514,32514,30.532180,-87.222539
zipgeo_32526,32526,30.499226,-87.365573
zipgeo_32530,32530,30.597113,-87.020019
zipgeo_32531,32531,30.898091,-86.693071
zipgeo_32533,32533,30.612555,-87.324338
zipgeo_32534,32534,30.528304,-87.286197
zipgeo_32535,32535,30.963698,-87.346175
zipgeo_32536,32536,30.750432,-86.597598
zipgeo_32539,32539,30.778999,-86.477169
zipgeo_32541,32541,30.395159,-86.478784
zipgeo_32542,32542,30.507766,-86.541629
zipgeo_32544,32544,30.426372,-86.719287
zipgeo_32547,32547,30.466178,-86.652985
zipgeo_32548,32548,30.413213,-86.589259
zipgeo_32550,32550,30.381433,-86.345668
zipgeo_32561,32561,30.340667,-87.116593
zipgeo_32563,32563,30.390852,-87.024785
zipgeo_32564,32564,30.728808,-86.781915
zipgeo_32565,32565,30.894380,-87.145454
zipgeo_32566,32566,30.425302,-86.892346
zipgeo_32567,32567,30.921061,-86.431503
zipgeo_32568,32568,30.877835,-87.474860
zipgeo_32569,32569,30.411380,-86.728401
zipgeo_32570,32570,30.791549,-86.982974
zipgeo_32571,32571,30.673287,-87.195850
zipgeo_32577,32577,30.740981,-87.379367
zipgeo_32578,32578,30.507855,-86.448368
zipgeo_32579,32579,30.445672,-86.574308
zipgeo_32580,32580,30.506542,-86.514690
zipgeo_32583,32583,30.604882,-86.972179
zipgeo_32601,32601,29.648700,-82.325412
zipgeo_32603,32603,29.653082,-82.350386
zipgeo_32605,32605,29.679180,-82.372822
zipgeo_32606,32606,29.682064,-82.444115
zipgeo_32607,32607,29.647333,-82.419155
zipgeo_32608,32608,29.590230,-82.396199
zipgeo_32609,32609,29.772187,-82.283422
zipgeo_32610,32610,29.640760,-82.343353
zipgeo_32612,32612,29.643120,-82.353845
zipgeo_32615,32615,29.819170,-82.486164
zipgeo_32616,32616,29.782044,-82.499316
zipgeo_32617,32617,29.308388,-82.074366
zipgeo_32618,32618,29.539756,-82.521492
zipgeo_32619,32619,29.756031,-82.868250
zipgeo_32621,32621,29.428967,-82.630916
zipgeo_32622,32622,29.900067,-82.307034
zipgeo_32625,32625,29.214738,-82.995429
zipgeo_32626,32626,29.423864,-82.899323
zipgeo_32628,32628,29.653159,-83.162979
zipgeo_32631,32631,29.728502,-82.113414
zipgeo_32634,32634,29.364660,-82.254275
zipgeo_32639,32639,29.232242,-82.721668
zipgeo_32640,32640,29.557729,-82.070774
zipgeo_32641,32641,29.647501,-82.239482
zipgeo_32643,32643,29.817981,-82.636103
zipgeo_32648,32648,29.500642,-83.238615
zipgeo_32653,32653,29.743875,-82.402776
zipgeo_32656,32656,29.827107,-81.945168
zipgeo_32658,32658,29.851858,-82.416554
zipgeo_32664,32664,29.449347,-82.221854
zipgeo_32666,32666,29.714185,-81.992515
zipgeo_32667,32667,29.489515,-82.304316
zipgeo_32668,32668,29.257242,-82.474721
zipgeo_32669,32669,29.632156,-82.589919
zipgeo_32680,32680,29.574911,-83.074406
zipgeo_32681,32681,29.426939,-82.215214
zipgeo_32683,32683,29.274237,-82.769519
zipgeo_32686,32686,29.355545,-82.275017
zipgeo_32692,32692,29.329319,-83.172494
zipgeo_32693,32693,29.626485,-82.785375
zipgeo_32694,32694,29.808061,-82.144376
zipgeo_32696,32696,29.400068,-82.469276
zipgeo_32697,32697,29.928160,-82.425529
zipgeo_32701,32701,28.665624,-81.370356
zipgeo_32702,32702,29.044189,-81.627473
zipgeo_32703,32703,28.653636,-81.520744
zipgeo_32707,32707,28.664104,-81.314908
zipgeo_32708,32708,28.688064,-81.269962
zipgeo_32709,32709,28.502489,-80.958830
zipgeo_32712,32712,28.736081,-81.547624
zipgeo_32713,32713,28.881398,-81.324270
zipgeo_32714,32714,28.662487,-81.411607
zipgeo_32720,32720,29.033304,-81.374753
zipgeo_32723,32723,29.034536,-81.304522
zipgeo_32724,32724,29.057205,-81.225576
zipgeo_32725,32725,28.886189,-81.251417
zipgeo_32726,32726,28.854136,-81.679937
zipgeo_32730,32730,28.652057,-81.343480
zipgeo_32732,32732,28.751037,-81.102119
zipgeo_32735,32735,28.890423,-81.739039
zipgeo_32736,32736,28.916675,-81.489093
zipgeo_32738,32738,28.904744,-81.188232
zipgeo_32744,32744,28.985234,-81.219583
zipgeo_32746,32746,28.771373,-81.353086
zipgeo_32750,32750,28.708650,-81.350482
zipgeo_32751,32751,28.630400,-81.365046
zipgeo_32754,32754,28.687109,-80.919193
zipgeo_32757,32757,28.776422,-81.631228
zipgeo_32759,32759,28.825537,-80.902691
zipgeo_32763,32763,28.942166,-81.306122
zipgeo_32764,32764,28.836668,-81.063065
zipgeo_32765,32765,28.665112,-81.196290
zipgeo_32766,32766,28.647675,-81.044691
zipgeo_32767,32767,29.026591,-81.534474
zipgeo_32768,32768,28.695755,-81.557944
zipgeo_32771,32771,28.814656,-81.317583
zipgeo_32773,32773,28.755093,-81.247488
zipgeo_32775,32775,28.767044,-80.876699
zipgeo_32776,32776,28.800535,-81.483750
zipgeo_32778,32778,28.773431,-81.730230
zipgeo_32779,32779,28.726884,-81.414795
zipgeo_32780,32780,28.528169,-80.779838
zipgeo_32784,32784,28.974313,-81.716763
zipgeo_32789,32789,28.599170,-81.352238
zipgeo_32792,32792,28.608352,-81.300566
zipgeo_32796,32796,28.625289,-80.845855
zipgeo_32798,32798,28.723731,-81.587720
zipgeo_32801,32801,28.541769,-81.374357
zipgeo_32803,32803,28.555617,-81.348447
zipgeo_32804,32804,28.579038,-81.394201
zipgeo_32805,32805,28.529974,-81.406402
zipgeo_32806,32806,28.512357,-81.360269
zipgeo_32807,32807,28.553677,-81.300656
zipgeo_32808,32808,28.580110,-81.444300
zipgeo_32809,32809,28.462218,-81.385219
zipgeo_32810,32810,28.621595,-81.428706
zipgeo_32811,32811,28.521039,-81.447731
zipgeo_32812,32812,28.484679,-81.324422
zipgeo_32814,32814,28.569470,-81.326469
zipgeo_32816,32816,28.600084,-81.195983
zipgeo_32817,32817,28.587848,-81.244103
zipgeo_32818,32818,28.590060,-81.493848
zipgeo_32819,32819,28.453705,-81.472373
zipgeo_32820,32820,28.576926,-81.139837
zipgeo_32821,32821,28.381330,-81.480129
zipgeo_32822,32822,28.489898,-81.290154
zipgeo_32824,32824,28.388751,-81.344535
zipgeo_32825,32825,28.536725,-81.242932
zipgeo_32826,32826,28.579663,-81.188640
zipgeo_32827,32827,28.431169,-81.323825
zipgeo_32828,32828,28.530179,-81.169271
zipgeo_32829,32829,28.477164,-81.223883
zipgeo_32830,32830,28.391693,-81.567239
zipgeo_32831,32831,28.486537,-81.146405
zipgeo_32832,32832,28.400248,-81.176562
zipgeo_32833,32833,28.494294,-81.083265
zipgeo_32835,32835,28.521975,-81.485967
zipgeo_32836,32836,28.405735,-81.516474
zipgeo_32837,32837,28.382240,-81.414460
zipgeo_32839,32839,28.488069,-81.407208
zipgeo_32899,32899,28.570183,-80.627676
zipgeo_32901,32901,28.079378,-80.622302
zipgeo_32903,32903,28.102377,-80.582170
zipgeo_32904,32904,28.032879,-80.816050
zipgeo_32905,32905,28.031366,-80.600414
zipgeo_32907,32907,28.020947,-80.679785
zipgeo_32908,32908,27.956179,-80.698269
zipgeo_32909,32909,27.899533,-80.659568
zipgeo_32920,32920,28.441757,-80.587945
zipgeo_32922,32922,28.372888,-80.741608
zipgeo_32925,32925,28.251630,-80.610008
zipgeo_32926,32926,28.382901,-80.819312
zipgeo_32927,32927,28.463766,-80.806711
zipgeo_32931,32931,28.320489,-80.625805
zipgeo_32934,32934,28.134548,-80.713887
zipgeo_32935,32935,28.145532,-80.649962
zipgeo_32937,32937,28.175952,-80.605279
zipgeo_32940,32940,28.210691,-80.750596
zipgeo_32948,32948,27.759557,-80.629194
zipgeo_32949,32949,27.909779,-80.560567
zipgeo_32950,32950,27.980527,-80.569574
zipgeo_32951,32951,27.944655,-80.502999
zipgeo_32952,32952,28.320397,-80.659178
zipgeo_32953,32953,28.463513,-80.687731
zipgeo_32955,32955,28.288759,-80.791442
zipgeo_32958,32958,27.794384,-80.491460
zipgeo_32959,32959,28.445127,-80.763703
zipgeo_32960,32960,27.640722,-80.403592
zipgeo_32962,32962,27.583462,-80.383467
zipgeo_32963,32963,27.718239,-80.393276
zipgeo_32966,32966,27.686911,-80.715786
zipgeo_32967,32967,27.715490,-80.454289
zipgeo_32968,32968,27.593204,-80.508685
zipgeo_32970,32970,27.754026,-80.450493
zipgeo_32976,32976,27.846262,-80.554114
zipgeo_33001,33001,24.835499,-80.801568
zipgeo_33004,33004,26.061046,-80.135859
zipgeo_33009,33009,25.984406,-80.145605
zipgeo_33010,33010,25.833202,-80.278720
zipgeo_33012,33012,25.866106,-80.301115
zipgeo_33013,33013,25.862190,-80.269677
zipgeo_33014,33014,25.904642,-80.302080
zipgeo_33015,33015,25.940571,-80.317442
zipgeo_33016,33016,25.893769,-80.330087
zipgeo_33018,33018,25.912395,-80.393093
zipgeo_33019,33019,26.027614,-80.120197
zipgeo_33020,33020,26.019191,-80.152944
zipgeo_33021,33021,26.023130,-80.186539
zipgeo_33022,33022,26.013848,-80.144066
zipgeo_33023,33023,25.988484,-80.212462
zipgeo_33024,33024,26.026358,-80.244633
zipgeo_33025,33025,25.988183,-80.281394
zipgeo_33026,33026,26.026198,-80.295994
zipgeo_33027,33027,25.988110,-80.340442
zipgeo_33028,33028,26.014716,-80.340171
zipgeo_33029,33029,25.992293,-80.394197
zipgeo_33030,33030,25.485755,-80.508192
zipgeo_33031,33031,25.524991,-80.500876
zipgeo_33032,33032,25.531145,-80.391233
zipgeo_33033,33033,25.478900,-80.409102
zipgeo_33034,33034,25.472158,-80.773252
zipgeo_33035,33035,25.422344,-80.399874
zipgeo_33036,33036,24.901896,-80.698998
zipgeo_33037,33037,25.225842,-80.414337
zipgeo_33039,33039,25.497969,-80.398172
zipgeo_33040,33040,24.544610,-81.921737
zipgeo_33042,33042,24.665275,-81.503095
zipgeo_33043,33043,24.669652,-81.260781
zipgeo_33050,33050,24.749924,-80.986567
zipgeo_33051,33051,24.723406,-81.021647
zipgeo_33054,33054,25.907995,-80.257509
zipgeo_33055,33055,25.948468,-80.278855
zipgeo_33056,33056,25.948892,-80.243585
zipgeo_33060,33060,26.234723,-80.121087
zipgeo_33062,33062,26.241077,-80.091233
zipgeo_33063,33063,26.251909,-80.208929
zipgeo_33064,33064,26.277754,-80.115325
zipgeo_33065,33065,26.274498,-80.260400
zipgeo_33066,33066,26.252926,-80.170380
zipgeo_33067,33067,26.305853,-80.226402
zipgeo_33068,33068,26.216395,-80.213958
zipgeo_33069,33069,26.235830,-80.157100
zipgeo_33070,33070,25.011030,-80.529313
zipgeo_33071,33071,26.245781,-80.267366
zipgeo_33073,33073,26.298166,-80.182101
zipgeo_33076,33076,26.319325,-80.271793
zipgeo_33101,33101,25.779764,-80.198763
zipgeo_33109,33109,25.761184,-80.130777
zipgeo_33122,33122,25.805005,-80.315071
zipgeo_33125,33125,25.783834,-80.236333
zipgeo_33126,33126,25.779492,-80.299573
zipgeo_33127,33127,25.813529,-80.204358
zipgeo_33128,33128,25.776769,-80.203433
zipgeo_33129,33129,25.754889,-80.198479
zipgeo_33130,33130,25.768524,-80.203359
zipgeo_33131,33131,25.765524,-80.184349
zipgeo_33132,33132,25.776585,-80.173242
zipgeo_33133,33133,25.731479,-80.233840
zipgeo_33134,33134,25.753332,-80.270379
zipgeo_33135,33135,25.766612,-80.235036
zipgeo_33136,33136,25.787247,-80.205296
zipgeo_33137,33137,25.810900,-80.166944
zipgeo_33138,33138,25.853764,-80.178006
zipgeo_33139,33139,25.779391,-80.151566
zipgeo_33140,33140,25.816916,-80.135660
zipgeo_33141,33141,25.850980,-80.138556
zipgeo_33142,33142,25.806310,-80.255409
zipgeo_33143,33143,25.702492,-80.298600
zipgeo_33144,33144,25.763458,-80.312667
zipgeo_33145,33145,25.753247,-80.234512
zipgeo_33146,33146,25.720850,-80.272571
zipgeo_33147,33147,25.851208,-80.238850
zipgeo_33149,33149,25.714412,-80.163587
zipgeo_33150,33150,25.852190,-80.207174
zipgeo_33154,33154,25.885908,-80.132227
zipgeo_33155,33155,25.737789,-80.311193
zipgeo_33156,33156,25.668203,-80.297010
zipgeo_33157,33157,25.607529,-80.343349
zipgeo_33158,33158,25.638840,-80.311316
zipgeo_33160,33160,25.933455,-80.135342
zipgeo_33161,33161,25.893543,-80.183272
zipgeo_33162,33162,25.928618,-80.179211
zipgeo_33165,33165,25.734345,-80.358271
zipgeo_33166,33166,25.824907,-80.310665
zipgeo_33167,33167,25.884528,-80.236019
zipgeo_33168,33168,25.892856,-80.209124
zipgeo_33169,33169,25.943117,-80.214686
zipgeo_33170,33170,25.558264,-80.449634
zipgeo_33172,33172,25.786716,-80.364872
zipgeo_33173,33173,25.702320,-80.357503
zipgeo_33174,33174,25.762048,-80.359500
zipgeo_33175,33175,25.736612,-80.406830
zipgeo_33176,33176,25.658379,-80.360893
zipgeo_33177,33177,25.598817,-80.406503
zipgeo_33178,33178,25.835497,-80.422481
zipgeo_33179,33179,25.957620,-80.179998
zipgeo_33180,33180,25.962149,-80.140904
zipgeo_33181,33181,25.897660,-80.151112
zipgeo_33182,33182,25.782549,-80.401385
zipgeo_33183,33183,25.700602,-80.405729
zipgeo_33184,33184,25.759711,-80.406473
zipgeo_33185,33185,25.730485,-80.454283
zipgeo_33186,33186,25.654420,-80.412154
zipgeo_33187,33187,25.527430,-80.599826
zipgeo_33189,33189,25.573102,-80.338974
zipgeo_33190,33190,25.556885,-80.349914
zipgeo_33193,33193,25.705415,-80.470847
zipgeo_33194,33194,25.714060,-80.583523
zipgeo_33196,33196,25.648447,-80.554670
zipgeo_33301,33301,26.121323,-80.127909
zipgeo_33304,33304,26.141340,-80.119169
zipgeo_33305,33305,26.153446,-80.122627
zipgeo_33306,33306,26.165508,-80.114094
zipgeo_33308,33308,26.188510,-80.104988
zipgeo_33309,33309,26.185990,-80.172721
zipgeo_33311,33311,26.144208,-80.172785
zipgeo_33312,33312,26.088170,-80.181783
zipgeo_33313,33313,26.151520,-80.227397
zipgeo_33314,33314,26.067890,-80.224160
zipgeo_33315,33315,26.087005,-80.152976
zipgeo_33316,33316,26.101566,-80.120955
zipgeo_33317,33317,26.112600,-80.227875
zipgeo_33319,33319,26.181382,-80.225802
zipgeo_33321,33321,26.212501,-80.270158
zipgeo_33322,33322,26.149977,-80.275707
zipgeo_33323,33323,26.151759,-80.320939
zipgeo_33324,33324,26.112485,-80.274940
zipgeo_33325,33325,26.110546,-80.324093
zipgeo_33326,33326,26.110469,-80.374015
zipgeo_33327,33327,26.226029,-80.367607
zipgeo_33328,33328,26.070471,-80.272864
zipgeo_33330,33330,26.060566,-80.330284
zipgeo_33331,33331,26.060462,-80.369595
zipgeo_33332,33332,26.006605,-80.460176
zipgeo_33334,33334,26.183753,-80.134055
zipgeo_33351,33351,26.179581,-80.275040
zipgeo_33388,33388,26.117118,-80.254165
zipgeo_33401,33401,26.715793,-80.066777
zipgeo_33403,33403,26.803774,-80.076385
zipgeo_33404,33404,26.781099,-80.063244
zipgeo_33405,33405,26.669649,-80.058452
zipgeo_33406,33406,26.664083,-80.092373
zipgeo_33407,33407,26.757692,-80.091172
zipgeo_33408,33408,26.840895,-80.052098
zipgeo_33409,33409,26.715601,-80.095886
zipgeo_33410,33410,26.845662,-80.087350
zipgeo_33411,33411,26.715201,-80.203797
zipgeo_33412,33412,26.803302,-80.217319
zipgeo_33413,33413,26.663715,-80.151341
zipgeo_33414,33414,26.646721,-80.250311
zipgeo_33415,33415,26.660205,-80.126573
zipgeo_33417,33417,26.720445,-80.124016
zipgeo_33418,33418,26.872713,-80.165712
zipgeo_33426,33426,26.533736,-80.083152
zipgeo_33428,33428,26.351283,-80.229122
zipgeo_33430,33430,26.602653,-80.579271
zipgeo_33431,33431,26.374590,-80.106610
zipgeo_33432,33432,26.343798,-80.082210
zipgeo_33433,33433,26.347076,-80.159189
zipgeo_33434,33434,26.383168,-80.167688
zipgeo_33435,33435,26.525785,-80.061367
zipgeo_33436,33436,26.522954,-80.107263
zipgeo_33437,33437,26.509389,-80.148474
zipgeo_33438,33438,26.976388,-80.523513
zipgeo_33440,33440,26.537946,-81.044144
zipgeo_33441,33441,26.311098,-80.097874
zipgeo_33442,33442,26.309716,-80.144905
zipgeo_33444,33444,26.457074,-80.079598
zipgeo_33445,33445,26.455873,-80.107935
zipgeo_33446,33446,26.457431,-80.183425
zipgeo_33449,33449,26.592718,-80.233877
zipgeo_33455,33455,27.053677,-80.162320
zipgeo_33458,33458,26.935806,-80.128441
zipgeo_33460,33460,26.618426,-80.055762
zipgeo_33461,33461,26.618582,-80.093216
zipgeo_33462,33462,26.576183,-80.072313
zipgeo_33463,33463,26.593249,-80.128900
zipgeo_33467,33467,26.596362,-80.175602
zipgeo_33469,33469,26.989347,-80.108549
zipgeo_33470,33470,26.783861,-80.380968
zipgeo_33471,33471,26.917498,-81.198156
zipgeo_33472,33472,26.539753,-80.189030
zipgeo_33473,33473,26.503291,-80.192245
zipgeo_33476,33476,26.800973,-80.653060
zipgeo_33477,33477,26.918903,-80.076060
zipgeo_33478,33478,26.939847,-80.261144
zipgeo_33480,33480,26.685220,-80.037632
zipgeo_33483,33483,26.462605,-80.061762
zipgeo_33484,33484,26.454311,-80.134344
zipgeo_33486,33486,26.347543,-80.114805
zipgeo_33487,33487,26.411793,-80.089007
zipgeo_33493,33493,26.475636,-80.706002
zipgeo_33496,33496,26.409046,-80.166139
zipgeo_33498,33498,26.395299,-80.219811
zipgeo_33503,33503,27.763831,-82.276174
zipgeo_33510,33510,27.955306,-82.299483
zipgeo_33511,33511,27.909778,-82.295738
zipgeo_33513,33513,28.659903,-82.169170
zipgeo_33514,33514,28.660841,-81.996780
zipgeo_33521,33521,28.797920,-82.075174
zipgeo_33523,33523,28.421657,-82.265759
zipgeo_33525,33525,28.330809,-82.183329
zipgeo_33527,33527,27.973749,-82.212806
zipgeo_33530,33530,27.907700,-82.172352
zipgeo_33534,33534,27.817981,-82.372248
zipgeo_33538,33538,28.849949,-82.185110
zipgeo_33540,33540,28.261577,-82.133112
zipgeo_33541,33541,28.234002,-82.221360
zipgeo_33542,33542,28.235780,-82.177617
zipgeo_33543,33543,28.205247,-82.317108
zipgeo_33544,33544,28.248334,-82.370909
zipgeo_33545,33545,28.268104,-82.291232
zipgeo_33547,33547,27.789984,-82.135805
zipgeo_33548,33548,28.146279,-82.482303
zipgeo_33549,33549,28.140689,-82.449720
zipgeo_33550,33550,27.979504,-82.307012
zipgeo_33556,33556,28.165897,-82.601578
zipgeo_33558,33558,28.165344,-82.510685
zipgeo_33559,33559,28.160954,-82.414663
zipgeo_33563,33563,28.017072,-82.125766
zipgeo_33565,33565,28.085906,-82.148114
zipgeo_33566,33566,27.977964,-82.095709
zipgeo_33567,33567,27.920609,-82.116772
zipgeo_33569,33569,27.848771,-82.295848
zipgeo_33570,33570,27.693944,-82.458577
zipgeo_33572,33572,27.766168,-82.400285
zipgeo_33573,33573,27.720216,-82.361796
zipgeo_33574,33574,28.338027,-82.257098
zipgeo_33576,33576,28.302956,-82.303760
zipgeo_33578,33578,27.861107,-82.355060
zipgeo_33579,33579,27.798135,-82.280616
zipgeo_33584,33584,28.005455,-82.294337
zipgeo_33585,33585,28.737525,-82.031636
zipgeo_33592,33592,28.101871,-82.283236
zipgeo_33594,33594,27.940934,-82.242479
zipgeo_33596,33596,27.887200,-82.225852
zipgeo_33597,33597,28.528762,-82.085255
zipgeo_33598,33598,27.693423,-82.284659
zipgeo_33602,33602,27.953704,-82.456310
zipgeo_33603,33603,27.985618,-82.464439
zipgeo_33604,33604,28.017154,-82.455350
zipgeo_33605,33605,27.951052,-82.429635
zipgeo_33606,33606,27.944035,-82.473954
zipgeo_33607,33607,27.965234,-82.519051
zipgeo_33609,33609,27.942562,-82.515044
zipgeo_33610,33610,27.998214,-82.378016
zipgeo_33611,33611,27.891345,-82.505665
zipgeo_33612,33612,28.050827,-82.449573
zipgeo_33613,33613,28.083694,-82.447872
zipgeo_33614,33614,28.004691,-82.506135
zipgeo_33615,33615,28.001166,-82.582227
zipgeo_33616,33616,27.865139,-82.535398
zipgeo_33617,33617,28.039315,-82.392428
zipgeo_33618,33618,28.074825,-82.498432
zipgeo_33619,33619,27.935372,-82.378690
zipgeo_33620,33620,28.061368,-82.412801
zipgeo_33621,33621,27.849178,-82.510781
zipgeo_33624,33624,28.080255,-82.528248
zipgeo_33625,33625,28.066997,-82.557957
zipgeo_33626,33626,28.064407,-82.596741
zipgeo_33629,33629,27.921536,-82.509043
zipgeo_33634,33634,28.009826,-82.547789
zipgeo_33635,33635,28.020540,-82.617948
zipgeo_33637,33637,28.045249,-82.362861
zipgeo_33647,33647,28.151887,-82.318179
zipgeo_33701,33701,27.770793,-82.632806
zipgeo_33702,33702,27.846603,-82.630590
zipgeo_33703,33703,27.817056,-82.619750
zipgeo_33704,33704,27.796331,-82.628723
zipgeo_33705,33705,27.733970,-82.640314
zipgeo_33706,33706,27.741501,-82.752062
zipgeo_33707,33707,27.743466,-82.724374
zipgeo_33708,33708,27.815056,-82.797790
zipgeo_33709,33709,27.816844,-82.731621
zipgeo_33710,33710,27.788642,-82.729628
zipgeo_33711,33711,27.739365,-82.687234
zipgeo_33712,33712,27.735324,-82.667105
zipgeo_33713,33713,27.788266,-82.677461
zipgeo_33714,33714,27.815251,-82.677709
zipgeo_33715,33715,27.665801,-82.722722
zipgeo_33716,33716,27.879858,-82.652797
zipgeo_33744,33744,27.807285,-82.773051
zipgeo_33755,33755,27.979868,-82.782744
zipgeo_33756,33756,27.945591,-82.793988
zipgeo_33759,33759,27.975567,-82.712224
zipgeo_33760,33760,27.905787,-82.713989
zipgeo_33761,33761,28.033061,-82.724374
zipgeo_33762,33762,27.907509,-82.677494
zipgeo_33763,33763,28.002900,-82.743429
zipgeo_33764,33764,27.937207,-82.740585
zipgeo_33765,33765,27.974876,-82.745122
zipgeo_33767,33767,27.974748,-82.826777
zipgeo_33770,33770,27.915109,-82.804026
zipgeo_33771,33771,27.905836,-82.758774
zipgeo_33772,33772,27.843593,-82.796683
zipgeo_33773,33773,27.881507,-82.755300
zipgeo_33774,33774,27.883819,-82.827877
zipgeo_33776,33776,27.849564,-82.825827
zipgeo_33777,33777,27.853364,-82.760823
zipgeo_33778,33778,27.888621,-82.798540
zipgeo_33781,33781,27.838871,-82.714995
zipgeo_33782,33782,27.859631,-82.708145
zipgeo_33785,33785,27.891841,-82.849979
zipgeo_33786,33786,27.932667,-82.833900
zipgeo_33801,33801,28.035979,-81.899636
zipgeo_33803,33803,28.009928,-81.936496
zipgeo_33805,33805,28.095476,-81.917942
zipgeo_33809,33809,28.202419,-81.955621
zipgeo_33810,33810,28.130235,-82.038987
zipgeo_33811,33811,27.978876,-82.015892
zipgeo_33812,33812,27.971442,-81.894476
zipgeo_33813,33813,27.947248,-81.926108
zipgeo_33815,33815,28.041258,-81.997590
zipgeo_33823,33823,28.087193,-81.812940
zipgeo_33825,33825,27.620252,-81.458826
zipgeo_33827,33827,27.817937,-81.516767
zipgeo_33830,33830,27.883187,-81.810993
zipgeo_33834,33834,27.631303,-81.912581
zipgeo_33835,33835,27.788246,-81.972591
zipgeo_33837,33837,28.194263,-81.587805
zipgeo_33838,33838,28.016968,-81.610021
zipgeo_33839,33839,27.974270,-81.755395
zipgeo_33840,33840,28.009157,-81.905049
zipgeo_33841,33841,27.737973,-81.768094
zipgeo_33843,33843,27.731789,-81.512700
zipgeo_33844,33844,28.089578,-81.589383
zipgeo_33847,33847,27.802851,-81.822059
zipgeo_33848,33848,28.275975,-81.508220
zipgeo_33849,33849,28.226068,-82.068886
zipgeo_33850,33850,28.124707,-81.731098
zipgeo_33851,33851,28.044810,-81.626341
zipgeo_33852,33852,27.258703,-81.378113
zipgeo_33853,33853,27.900772,-81.585670
zipgeo_33854,33854,27.856274,-81.409930
zipgeo_33855,33855,27.791034,-81.359714
zipgeo_33856,33856,27.856161,-81.428206
zipgeo_33857,33857,27.359150,-81.166596
zipgeo_33858,33858,28.245093,-81.558313
zipgeo_33859,33859,27.885222,-81.628206
zipgeo_33860,33860,27.818504,-82.005783
zipgeo_33865,33865,27.433787,-81.963257
zipgeo_33867,33867,27.781088,-81.202040
zipgeo_33868,33868,28.267639,-81.853797
zipgeo_33870,33870,27.503346,-81.367739
zipgeo_33872,33872,27.505242,-81.546028
zipgeo_33873,33873,27.570917,-81.781173
zipgeo_33875,33875,27.423426,-81.500649
zipgeo_33876,33876,27.425161,-81.339210
zipgeo_33877,33877,27.984232,-81.618797
zipgeo_33880,33880,27.994018,-81.777505
zipgeo_33881,33881,28.050996,-81.702533
zipgeo_33884,33884,27.982786,-81.681743
zipgeo_33890,33890,27.455205,-81.724602
zipgeo_33896,33896,28.250175,-81.580770
zipgeo_33897,33897,28.284627,-81.689029
zipgeo_33898,33898,27.880552,-81.317534
zipgeo_33901,33901,26.623381,-81.883191
zipgeo_33903,33903,26.682165,-81.905776
zipgeo_33904,33904,26.575403,-81.944860
zipgeo_33905,33905,26.667732,-81.763950
zipgeo_33907,33907,26.563891,-81.870266
zipgeo_33908,33908,26.510332,-81.979563
zipgeo_33909,33909,26.720347,-81.965502
zipgeo_33912,33912,26.534987,-81.825763
zipgeo_33913,33913,26.514239,-81.696796
zipgeo_33914,33914,26.559440,-82.024218
zipgeo_33916,33916,26.639352,-81.841388
zipgeo_33917,33917,26.748095,-81.846151
zipgeo_33919,33919,26.555891,-81.902855
zipgeo_33920,33920,26.742298,-81.636050
zipgeo_33921,33921,26.772225,-82.252804
zipgeo_33922,33922,26.651679,-82.176814
zipgeo_33924,33924,26.538413,-82.193541
zipgeo_33928,33928,26.435629,-81.697137
zipgeo_33930,33930,26.567129,-81.406707
zipgeo_33931,33931,26.430176,-81.914040
zipgeo_33935,33935,26.756778,-81.417649
zipgeo_33936,33936,26.618028,-81.559247
zipgeo_33944,33944,26.955129,-81.450021
zipgeo_33946,33946,26.852415,-82.282045
zipgeo_33947,33947,26.885120,-82.277881
zipgeo_33948,33948,26.985889,-82.151742
zipgeo_33950,33950,26.915655,-82.044296
zipgeo_33952,33952,26.986134,-82.097042
zipgeo_33953,33953,26.999702,-82.212275
zipgeo_33954,33954,27.024950,-82.121451
zipgeo_33955,33955,26.816433,-81.993808
zipgeo_33956,33956,26.537104,-82.121707
zipgeo_33957,33957,26.460477,-82.100381
zipgeo_33960,33960,27.079063,-81.412221
zipgeo_33965,33965,26.467680,-81.763678
zipgeo_33966,33966,26.583269,-81.834152
zipgeo_33967,33967,26.471507,-81.812240
zipgeo_33971,33971,26.638858,-81.700343
zipgeo_33972,33972,26.649272,-81.617710
zipgeo_33973,33973,26.600661,-81.730435
zipgeo_33974,33974,26.558935,-81.601239
zipgeo_33976,33976,26.591277,-81.686130
zipgeo_33980,33980,26.978179,-82.050437
zipgeo_33981,33981,26.876170,-82.210575
zipgeo_33982,33982,26.852940,-81.669581
zipgeo_33983,33983,27.005904,-82.013370
zipgeo_33990,33990,26.628550,-81.948755
zipgeo_33991,33991,26.633654,-82.009842
zipgeo_33993,33993,26.672630,-82.051131
zipgeo_34101,34101,26.050185,-81.780621
zipgeo_34102,34102,26.137498,-81.799105
zipgeo_34103,34103,26.191352,-81.803331
zipgeo_34104,34104,26.150429,-81.740837
zipgeo_34105,34105,26.190046,-81.764777
zipgeo_34108,34108,26.246308,-81.808323
zipgeo_34109,34109,26.240842,-81.763823
zipgeo_34110,34110,26.303284,-81.788171
zipgeo_34112,34112,26.121422,-81.739030
zipgeo_34113,34113,26.043649,-81.732424
zipgeo_34114,34114,25.954218,-81.573387
zipgeo_34116,34116,26.189294,-81.710803
zipgeo_34117,34117,26.118102,-81.548930
zipgeo_34119,34119,26.263933,-81.717462
zipgeo_34120,34120,26.312992,-81.582396
zipgeo_34134,34134,26.361381,-81.831936
zipgeo_34135,34135,26.367713,-81.735659
zipgeo_34137,34137,26.040535,-81.391301
zipgeo_34138,34138,25.813921,-81.363212
zipgeo_34139,34139,25.849912,-81.389953
zipgeo_34140,34140,25.925119,-81.662613
zipgeo_34141,34141,26.022815,-81.081248
zipgeo_34142,34142,26.313791,-81.286265
zipgeo_34145,34145,25.909779,-81.695125
zipgeo_34201,34201,27.400662,-82.465793
zipgeo_34202,34202,27.402531,-82.394394
zipgeo_34203,34203,27.440337,-82.509384
zipgeo_34205,34205,27.483321,-82.585125
zipgeo_34207,34207,27.438677,-82.579674
zipgeo_34208,34208,27.487486,-82.515907
zipgeo_34209,34209,27.504730,-82.654669
zipgeo_34210,34210,27.437548,-82.630178
zipgeo_34211,34211,27.454365,-82.383383
zipgeo_34212,34212,27.493816,-82.406103
zipgeo_34215,34215,27.474427,-82.685724
zipgeo_34216,34216,27.534798,-82.735123
zipgeo_34217,34217,27.491178,-82.705018
zipgeo_34219,34219,27.576201,-82.263457
zipgeo_34221,34221,27.581152,-82.551825
zipgeo_34222,34222,27.538955,-82.507027
zipgeo_34223,34223,26.983677,-82.337666
zipgeo_34224,34224,26.922945,-82.308301
zipgeo_34228,34228,27.400457,-82.644175
zipgeo_34229,34229,27.191211,-82.484136
zipgeo_34231,34231,27.265984,-82.516583
zipgeo_34232,34232,27.324987,-82.471714
zipgeo_34233,34233,27.280018,-82.476632
zipgeo_34234,34234,27.368976,-82.556536
zipgeo_34235,34235,27.369416,-82.476820
zipgeo_34236,34236,27.325788,-82.559997
zipgeo_34237,34237,27.338802,-82.514742
zipgeo_34238,34238,27.235792,-82.470536
zipgeo_34239,34239,27.310893,-82.521168
zipgeo_34240,34240,27.344716,-82.354156
zipgeo_34241,34241,27.251039,-82.373785
zipgeo_34242,34242,27.260220,-82.540908
zipgeo_34243,34243,27.400992,-82.527943
zipgeo_34250,34250,27.569606,-82.585138
zipgeo_34251,34251,27.377729,-82.171540
zipgeo_34266,34266,27.202037,-81.802188
zipgeo_34267,34267,27.089306,-81.954297
zipgeo_34268,34268,27.132262,-81.927421
zipgeo_34269,34269,27.089943,-81.961480
zipgeo_34275,34275,27.151753,-82.422567
zipgeo_34285,34285,27.094564,-82.440895
zipgeo_34286,34286,27.107469,-82.106680
zipgeo_34287,34287,27.057797,-82.249277
zipgeo_34288,34288,27.053600,-82.113335
zipgeo_34289,34289,27.088812,-82.139203
zipgeo_34291,34291,27.116470,-82.215206
zipgeo_34292,34292,27.103873,-82.335474
zipgeo_34293,34293,27.037392,-82.358528
zipgeo_34420,34420,29.053114,-82.038730
zipgeo_34428,34428,28.956702,-82.647585
zipgeo_34429,34429,28.867281,-82.662032
zipgeo_34431,34431,29.140237,-82.530551
zipgeo_34432,34432,29.064898,-82.374559
zipgeo_34433,34433,28.992502,-82.528869
zipgeo_34434,34434,28.995030,-82.437972
zipgeo_34436,34436,28.733692,-82.293898
zipgeo_34442,34442,28.920909,-82.382325
zipgeo_34445,34445,28.971387,-82.424060
zipgeo_34446,34446,28.749019,-82.523459
zipgeo_34448,34448,28.767011,-82.625191
zipgeo_34449,34449,29.106972,-82.690540
zipgeo_34450,34450,28.830041,-82.266009
zipgeo_34452,34452,28.761187,-82.375709
zipgeo_34453,34453,28.895824,-82.329534
zipgeo_34461,34461,28.813818,-82.483064
zipgeo_34465,34465,28.928693,-82.490909
zipgeo_34470,34470,29.201008,-82.082072
zipgeo_34471,34471,29.161789,-82.126817
zipgeo_34472,34472,29.109474,-81.997364
zipgeo_34473,34473,28.997630,-82.187780
zipgeo_34474,34474,29.154472,-82.211485
zipgeo_34475,34475,29.252680,-82.161978
zipgeo_34476,34476,29.088605,-82.201598
zipgeo_34479,34479,29.255724,-82.109112
zipgeo_34480,34480,29.094200,-82.094208
zipgeo_34481,34481,29.125538,-82.309895
zipgeo_34482,34482,29.244387,-82.275029
zipgeo_34484,34484,28.945019,-82.097528
zipgeo_34487,34487,28.781477,-82.612719
zipgeo_34488,34488,29.219283,-81.941004
zipgeo_34491,34491,28.998477,-82.039708
zipgeo_34498,34498,29.031552,-82.736088
zipgeo_34601,34601,28.588450,-82.371337
zipgeo_34602,34602,28.502482,-82.282351
zipgeo_34604,34604,28.477875,-82.432707
zipgeo_34606,34606,28.468477,-82.595728
zipgeo_34607,34607,28.594975,-82.615947
zipgeo_34608,34608,28.482826,-82.552854
zipgeo_34609,34609,28.479476,-82.507906
zipgeo_34610,34610,28.369903,-82.510748
zipgeo_34613,34613,28.558922,-82.542335
zipgeo_34614,34614,28.646538,-82.513640
zipgeo_34637,34637,28.307711,-82.464832
zipgeo_34638,34638,28.274188,-82.529523
zipgeo_34639,34639,28.265430,-82.423239
zipgeo_34652,34652,28.240555,-82.744353
zipgeo_34653,34653,28.244080,-82.688476
zipgeo_34654,34654,28.297909,-82.629344
zipgeo_34655,34655,28.211353,-82.655286
zipgeo_34661,34661,28.620835,-82.261099
zipgeo_34667,34667,28.385867,-82.665627
zipgeo_34668,34668,28.293335,-82.710564
zipgeo_34669,34669,28.356025,-82.610167
zipgeo_34677,34677,28.044517,-82.674272
zipgeo_34679,34679,28.422752,-82.674162
zipgeo_34681,34681,28.090702,-82.777914
zipgeo_34683,34683,28.087706,-82.761134
zipgeo_34684,34684,28.080744,-82.726829
zipgeo_34685,34685,28.093255,-82.689402
zipgeo_34688,34688,28.143226,-82.683943
zipgeo_34689,34689,28.149526,-82.761831
zipgeo_34690,34690,28.193745,-82.725706
zipgeo_34691,34691,28.192577,-82.770421
zipgeo_34695,34695,28.008161,-82.688367
zipgeo_34698,34698,28.036272,-82.791427
zipgeo_34705,34705,28.693805,-81.710847
zipgeo_34711,34711,28.520780,-81.753851
zipgeo_34714,34714,28.399468,-81.812869
zipgeo_34715,34715,28.631041,-81.726074
zipgeo_34729,34729,28.617449,-81.700797
zipgeo_34731,34731,28.867636,-81.896543
zipgeo_34734,34734,28.537003,-81.515454
zipgeo_34736,34736,28.599487,-81.862203
zipgeo_34737,34737,28.697138,-81.803369
zipgeo_34739,34739,27.932962,-81.098849
zipgeo_34741,34741,28.306299,-81.426933
zipgeo_34743,34743,28.329321,-81.355148
zipgeo_34744,34744,28.295842,-81.348621
zipgeo_34746,34746,28.237471,-81.441898
zipgeo_34747,34747,28.308991,-81.591266
zipgeo_34748,34748,28.773001,-81.882622
zipgeo_34753,34753,28.604341,-81.905549
zipgeo_34756,34756,28.586734,-81.679482
zipgeo_34758,34758,28.192063,-81.485420
zipgeo_34759,34759,28.103895,-81.419373
zipgeo_34760,34760,28.557053,-81.629240
zipgeo_34761,34761,28.578577,-81.534116
zipgeo_34762,34762,28.757247,-81.920516
zipgeo_34769,34769,28.243666,-81.294191
zipgeo_34771,34771,28.268298,-81.128403
zipgeo_34772,34772,28.160499,-81.273639
zipgeo_34773,34773,28.160667,-80.998092
zipgeo_34785,34785,28.846318,-82.061648
zipgeo_34786,34786,28.482847,-81.538656
zipgeo_34787,34787,28.485174,-81.619415
zipgeo_34788,34788,28.880322,-81.790033
zipgeo_34797,34797,28.730468,-81.826624
zipgeo_34945,34945,27.457933,-80.551744
zipgeo_34946,34946,27.503294,-80.360480
zipgeo_34947,34947,27.453848,-80.373737
zipgeo_34949,34949,27.467258,-80.299808
zipgeo_34950,34950,27.443788,-80.330974
zipgeo_34951,34951,27.532134,-80.418954
zipgeo_34952,34952,27.297204,-80.298010
zipgeo_34953,34953,27.249680,-80.383236
zipgeo_34956,34956,27.098264,-80.499613
zipgeo_34957,34957,27.274577,-80.243022
zipgeo_34972,34972,27.477985,-80.908736
zipgeo_34974,34974,27.148849,-80.914061
zipgeo_34981,34981,27.393278,-80.372054
zipgeo_34982,34982,27.375286,-80.311514
zipgeo_34983,34983,27.323951,-80.352566
zipgeo_34984,34984,27.249005,-80.330553
zipgeo_34986,34986,27.327734,-80.401911
zipgeo_34987,34987,27.290285,-80.497120
zipgeo_34990,34990,27.147946,-80.362294
zipgeo_34994,34994,27.199535,-80.255952
zipgeo_34996,34996,27.188173,-80.187800
zipgeo_34997,34997,27.050481,-80.271203
